timestamp,tickers,learning_point
2025-03-07 22:30:56,NVDA,1. Expanding Technical Analysis:
2025-03-07 22:30:56,NVDA,"Include Multiple Indicators:  Don't rely solely on price action and simple moving averages.  Integrate Relative Strength Index (RSI), Moving Average Convergence Divergence (MACD), Bollinger Bands, volume analysis (including volume profile), and identification of potential chart patterns (head and shoulders, flags, triangles, etc.) into every analysis.  Calculate and interpret these indicators to confirm or refute initial observations."
2025-03-07 22:30:56,NVDA,"Volume Analysis Depth:  Go beyond simply stating the volume. Analyze volume in relation to price action (e.g., higher volume on up days confirming strength, lower volume on up days suggesting weakness).  Examine the volume profile to identify areas of support and resistance."
2025-03-07 22:30:56,NVDA,"Contextualize Volatility: Don't just note volatility; analyze its source. Was it due to news events, algorithm trading, broader market movements, or thin liquidity? This helps assess the significance of the price swings."
2025-03-07 22:30:56,NVDA,2. Comprehensive Risk Assessment:
2025-03-07 22:30:56,NVDA,"Broaden Risk Factors: Consider geopolitical risks (trade wars, sanctions, political instability), industryspecific risks (increased competition, technological disruption, regulatory changes), macroeconomic risks (interest rate hikes, inflation, recessionary pressures), and companyspecific risks (debt levels, management quality, legal issues)."
2025-03-07 22:30:56,NVDA,"Quantify Risks:  Whenever possible, quantify risks using metrics like beta (for market risk), credit ratings (for financial risk), or competitor market share data."
2025-03-07 22:30:56,NVDA,"Scenario Planning: Develop multiple scenarios (bullish, bearish, neutral) to assess the potential impact of various risk factors on the investment thesis."
2025-03-07 22:30:56,NVDA,3. Enhanced Data Interpretation:
2025-03-07 22:30:56,NVDA,Correlation vs. Causation: Avoid jumping to conclusions about cause and effect.  Just because two factors move together doesn't mean one causes the other.  Consider other potential explanations.
2025-03-07 22:30:56,NVDA,Multiple Interpretations:  Actively seek out alternative interpretations of the data. Consider both bullish and bearish perspectives to avoid confirmation bias.
2025-03-07 22:30:56,NVDA,Statistical Significance:  Ensure that any observations are statistically significant and not simply random fluctuations.  Test your hypotheses using appropriate statistical methods.
2025-03-07 22:30:56,NVDA,4. Leveraging Additional Data Sources:
2025-03-07 22:30:56,NVDA,"Broader Market Data:  Always include data on relevant market indices (S&P 500, Nasdaq 100, sectorspecific indices) to assess the performance of the analyzed asset relative to the broader market."
2025-03-07 22:30:56,NVDA,Industry Benchmarks:  Compare the company's performance to its peers within the industry to gauge its relative strength and competitive position.
2025-03-07 22:30:56,NVDA,"Fundamental Data:  Supplement P/E ratios with other key fundamental metrics such as revenue growth, profit margins, debttoequity ratio, return on equity, and free cash flow.  Analyze earnings calls, financial statements, and analyst reports."
2025-03-07 22:30:56,NVDA,"News and Sentiment Analysis:  Utilize news articles, social media sentiment, and analyst ratings to gain insights into market sentiment and potential catalysts for price movements."
2025-03-07 22:30:56,NVDA,"Economic Indicators:  Consider the impact of relevant macroeconomic indicators such as GDP growth, inflation rates, interest rates, and unemployment levels on the companyâ€™s performance."
2025-03-07 22:30:56,NVDA,5. Nuanced Trading Recommendations:
2025-03-07 22:30:56,NVDA,"Avoid Overly Specific Signals: Instead of recommending ""buy on dips,"" specify precise entry and exit points based on technical indicators (e.g., buy at the 50day moving average with confirmation from a bullish MACD crossover and RSI above 30)."
2025-03-07 22:30:56,NVDA,"Risk Management: Always include risk management strategies in your trading recommendations (e.g., stoploss orders, position sizing)."
2025-03-07 22:30:56,NVDA,"Multiple Strategies: Explore a range of trading strategies (e.g., breakout trading, momentum trading, mean reversion) and tailor recommendations to different risk tolerances and investment horizons."
2025-03-07 22:30:56,NVDA,Contextualize Recommendations: Emphasize the uncertainty inherent in market forecasting and stress the importance of ongoing monitoring and adaptation of the investment strategy based on new information.
